year,route_no,route_name,consumer_entries,kwh,amount_php,source
2016,2501,POB./NAT'L.HIWAY/PRK.6,5652,941923.0,9017690.3,SUKELCO Tacurong History Ledger
2016,2502,BONIFACIO/LEDESMA/MABINI,5825,1211092.0,11557490.12,SUKELCO Tacurong History Ledger
2016,2503,LEDESMA/LAPU-LAPU/MALVAR,2838,819545.0,7625820.54,SUKELCO Tacurong History Ledger
2016,2504,NAT'L. HIGHWAY/GEN. LUNA,2799,673368.0,6352361.42,SUKELCO Tacurong History Ledger
2016,2505,NAT'L. HIGHWAY/GEN. LUNA,4331,1033802.0,9675359.7,SUKELCO Tacurong History Ledger
2016,2506,POBLACION/RESORT AREA,1725,763230.0,6781579.77,SUKELCO Tacurong History Ledger
2016,2507,LEDESMA/BONIFACIO/MALVAR,1685,821778.0,7377532.98,SUKELCO Tacurong History Ledger
2016,2509,LEDESMA/LAPU-LAPU,1880,882638.0,7868678.69,SUKELCO Tacurong History Ledger
2016,2510,FLORES/FERNANDEZ/BIACA,9808,2166942.52,20524576.44,SUKELCO Tacurong History Ledger
2016,2511,NAT'L. HIGHWAY/CANOS,5345,1684015.0,15537795.88,SUKELCO Tacurong History Ledger
2016,2512,NAT'L. HIGHWAY/BUCOL SUBD,4391,1213969.56,11279347.03,SUKELCO Tacurong History Ledger
2016,2517,GANSING,3620,509339.9,4840926.17,SUKELCO Tacurong History Ledger
2016,2518,CAYAMBANAN,2708,404958.0,3858982.04,SUKELCO Tacurong History Ledger
2016,2519,SAN EMMANUEL,9634,1602268.96,15234498.47,SUKELCO Tacurong History Ledger
2016,2521,LOWER/UPPER KATUNGAL,5663,645266.94,6156639.44,SUKELCO Tacurong History Ledger
2016,2522,BARAS,4221,679139.72,6449891.05,SUKELCO Tacurong History Ledger
2016,2523,RAJAHMUDA,2024,222803.08,2107705.63,SUKELCO Tacurong History Ledger
2016,2524,NEW PASSI,2614,248859.35,2362167.75,SUKELCO Tacurong History Ledger
2016,2525,SAN ANTONIO,1331,191958.0,1835993.58,SUKELCO Tacurong History Ledger
2016,2526,SAN RAFAEL,1460,158944.0,1508030.45,SUKELCO Tacurong History Ledger
2016,2527,NEW LAGAO,2273,235888.0,2253906.72,SUKELCO Tacurong History Ledger
2016,2528,CALEAN,60,16442.0,149179.54,SUKELCO Tacurong History Ledger
2016,2529,LEDESMA/QUIPOLOT,1670,157600.0,1493231.79,SUKELCO Tacurong History Ledger
2016,2530,SAN PABLO EXT.,4244,620730.0,5972186.9,SUKELCO Tacurong History Ledger
2016,2531,BUENAFLOR/VILLAGARDE,6280,895799.0,8555487.16,SUKELCO Tacurong History Ledger
2016,2532,PUROK MASAGANA,1525,109328.0,1030492.02,SUKELCO Tacurong History Ledger
2016,2533,SITIO BETA,732,65478.0,623547.15,SUKELCO Tacurong History Ledger
2016,2534,SITIO MATIAS,546,42706.63,406493.75,SUKELCO Tacurong History Ledger
2016,2536,SITIO MALIPAYON,1382,144565.57,1371928.23,SUKELCO Tacurong History Ledger
2016,2537,SITIO BAG-O,1170,127249.0,1222499.13,SUKELCO Tacurong History Ledger
2016,2538,"PRK. 3, RAJAHMUDA",1259,98994.0,927788.31,SUKELCO Tacurong History Ledger
2016,2542,MONTIVILLE SUBD.,3011,458279.37,4383898.04,SUKELCO Tacurong History Ledger
2016,2544,JM HOMES,2161,402944.72,3879875.19,SUKELCO Tacurong History Ledger
2016,2545,HABITAT SUBD. SAN PABLO,2862,350216.0,3361934.17,SUKELCO Tacurong History Ledger
2016,2546,"YELLOW VILLAGE,NEW ISABEL",1552,414176.0,3980132.93,SUKELCO Tacurong History Ledger
2016,2547,"SITIO CULINAN, ELISEO",1277,124056.0,1189777.72,SUKELCO Tacurong History Ledger
2016,2548,PUB MKT. - REMAP (2508),3467,586201.0,5360873.74,SUKELCO Tacurong History Ledger
2016,2552,NEW ISABELA- A- REMAP(14),3632,848243.6,8068664.06,SUKELCO Tacurong History Ledger
2016,2553,NEW ISABELA-B - REMAP(14),1309,278088.0,2679344.63,SUKELCO Tacurong History Ledger
2016,2554,NEW ISABELA-C - REMAP(14),5805,1414578.0,13487796.41,SUKELCO Tacurong History Ledger
2016,2555,NEW ISABELA-D- REMAP (14),4794,1005327.0,9575785.41,SUKELCO Tacurong History Ledger
2016,2566,APILADO - A (REMAP 2515),1914,401585.0,3827997.35,SUKELCO Tacurong History Ledger
2016,2567,NEW CARMEN B (REMAP 2515),2964,511753.0,4882752.73,SUKELCO Tacurong History Ledger
2016,2568,KALANDAGAN C (REMAP 2515),3275,545631.92,5130410.03,SUKELCO Tacurong History Ledger
2016,2569,KALANDAGAN D (REMAP 2515),2681,531377.0,5050501.64,SUKELCO Tacurong History Ledger
2016,2570,PRK 9 - E (REMAP 2515),1345,367330.0,3422981.49,SUKELCO Tacurong History Ledger
2016,2571,N. HIGHWAY A (REMAP 2516),2432,624095.17,5874199.86,SUKELCO Tacurong History Ledger
2016,2572,N. HIGHWAY B (REMAP 2516),3245,837646.32,7863007.12,SUKELCO Tacurong History Ledger
2016,2573,N. HIGHWAY C (REMAP 2516),3261,600996.26,5731433.7,SUKELCO Tacurong History Ledger
2016,2574,REMAP FROM 2520A LIWAYWAY,3997,648338.45,6233293.55,SUKELCO Tacurong History Ledger
2016,2575,REMAP FROM 2520 (TINA),3066,387673.0,3705441.23,SUKELCO Tacurong History Ledger
2016,2576,REMAP FROM 2513A,2767,542033.0,5145832.29,SUKELCO Tacurong History Ledger
2016,2577,REMAP FROM 2513B,2393,490758.0,4648849.4,SUKELCO Tacurong History Ledger
2016,2578,REMAP FROM 2513C,3585,699196.0,6672508.06,SUKELCO Tacurong History Ledger
2016,2579,REMAPPED CALEAN-A,1686,289169.0,2761755.15,SUKELCO Tacurong History Ledger
2016,2580,REMAPPED CALEAN-B,1191,159307.0,1523042.91,SUKELCO Tacurong History Ledger
2016,2581,REMAPPED CALEAN-C,1907,281858.24,2700358.76,SUKELCO Tacurong History Ledger
2016,2584,BRGY. KATUNGAL (2521),4,371.0,3445.68,SUKELCO Tacurong History Ledger
2016,2585,BRGY. KATUNGAL (2521),3,198.0,1927.69,SUKELCO Tacurong History Ledger
2016,2589,BUENAFLOR/VILLAGARDE(2531,2,429.0,4053.01,SUKELCO Tacurong History Ledger
2016,2590,BUENAFLOR/VILLAGARDE(2531,1,1.0,8.25,SUKELCO Tacurong History Ledger
2016,2593,SAN PABLO (2530),1,119.0,1183.36,SUKELCO Tacurong History Ledger
2017,2501,POB./NAT'L.HIWAY/PRK.6,5813,952601.16,9404375.94,SUKELCO Tacurong History Ledger
2017,2502,BONIFACIO/LEDESMA/MABINI,6124,1224908.0,12046145.04,SUKELCO Tacurong History Ledger
2017,2503,LEDESMA/LAPU-LAPU/MALVAR,2857,818340.0,7872376.53,SUKELCO Tacurong History Ledger
2017,2504,NAT'L. HIGHWAY/GEN. LUNA,2852,669901.0,6522588.84,SUKELCO Tacurong History Ledger
2017,2505,NAT'L. HIGHWAY/GEN. LUNA,4405,1042965.0,10085346.34,SUKELCO Tacurong History Ledger
2017,2506,POBLACION/RESORT AREA,1672,770180.0,7055212.07,SUKELCO Tacurong History Ledger
2017,2507,LEDESMA/BONIFACIO/MALVAR,1702,755753.0,7027028.88,SUKELCO Tacurong History Ledger
2017,2509,LEDESMA/LAPU-LAPU,1953,871329.0,8036753.71,SUKELCO Tacurong History Ledger
2017,2510,FLORES/FERNANDEZ/BIACA,9937,2107292.34,20631909.58,SUKELCO Tacurong History Ledger
2017,2511,NAT'L. HIGHWAY/CANOS,5444,1601552.26,15251717.89,SUKELCO Tacurong History Ledger
2017,2512,NAT'L. HIGHWAY/BUCOL SUBD,4396,1223455.0,11759520.16,SUKELCO Tacurong History Ledger
2017,2517,GANSING,3739,510577.0,5004629.54,SUKELCO Tacurong History Ledger
2017,2518,CAYAMBANAN,2779,426974.0,4204089.06,SUKELCO Tacurong History Ledger
2017,2519,SAN EMMANUEL,10094,1691030.0,16593095.1,SUKELCO Tacurong History Ledger
2017,2521,LOWER/UPPER KATUNGAL,5792,709484.0,6991377.5,SUKELCO Tacurong History Ledger
2017,2522,BARAS,4366,714089.0,7008998.92,SUKELCO Tacurong History Ledger
2017,2523,RAJAHMUDA,2112,240584.0,2360464.08,SUKELCO Tacurong History Ledger
2017,2524,NEW PASSI,2630,237551.0,2315227.89,SUKELCO Tacurong History Ledger
2017,2525,SAN ANTONIO,1370,193535.0,1915455.64,SUKELCO Tacurong History Ledger
2017,2526,SAN RAFAEL,1505,159365.9,1561386.21,SUKELCO Tacurong History Ledger
2017,2527,NEW LAGAO,2390,244154.0,2406869.76,SUKELCO Tacurong History Ledger
2017,2528,CALEAN,4,0.0,326.16,SUKELCO Tacurong History Ledger
2017,2529,LEDESMA/QUIPOLOT,1728,162446.0,1589398.42,SUKELCO Tacurong History Ledger
2017,2530,SAN PABLO EXT.,4985,697605.0,6912014.51,SUKELCO Tacurong History Ledger
2017,2531,BUENAFLOR/VILLAGARDE,6954,903630.0,8908917.7,SUKELCO Tacurong History Ledger
2017,2532,PUROK MASAGANA,1567,105682.0,1024668.5,SUKELCO Tacurong History Ledger
2017,2533,SITIO BETA,727,67615.0,663873.55,SUKELCO Tacurong History Ledger
2017,2534,SITIO MATIAS,561,41355.0,408621.68,SUKELCO Tacurong History Ledger
2017,2536,SITIO MALIPAYON,1518,172678.0,1690646.71,SUKELCO Tacurong History Ledger
2017,2537,SITIO BAG-O,1186,123139.44,1217155.06,SUKELCO Tacurong History Ledger
2017,2538,"PRK. 3, RAJAHMUDA",1315,98932.0,957470.81,SUKELCO Tacurong History Ledger
2017,2542,MONTIVILLE SUBD.,2997,438399.0,4326116.54,SUKELCO Tacurong History Ledger
2017,2544,JM HOMES,2155,401231.0,3988959.45,SUKELCO Tacurong History Ledger
2017,2545,HABITAT SUBD. SAN PABLO,2920,344335.0,3408344.07,SUKELCO Tacurong History Ledger
2017,2546,"YELLOW VILLAGE,NEW ISABEL",1535,370952.0,3674534.68,SUKELCO Tacurong History Ledger
2017,2547,"SITIO CULINAN, ELISEO",1354,124387.0,1226169.54,SUKELCO Tacurong History Ledger
2017,2548,PUB MKT. - REMAP (2508),3482,558222.0,5288489.78,SUKELCO Tacurong History Ledger
2017,2552,NEW ISABELA- A- REMAP(14),3709,857720.0,8382390.63,SUKELCO Tacurong History Ledger
2017,2553,NEW ISABELA-B - REMAP(14),1300,270375.52,2679608.83,SUKELCO Tacurong History Ledger
2017,2554,NEW ISABELA-C - REMAP(14),6053,1366524.0,13396237.44,SUKELCO Tacurong History Ledger
2017,2555,NEW ISABELA-D- REMAP (14),4919,981003.0,9619665.28,SUKELCO Tacurong History Ledger
2017,2566,APILADO - A (REMAP 2515),1880,380631.0,3745290.0,SUKELCO Tacurong History Ledger
2017,2567,NEW CARMEN B (REMAP 2515),3082,548450.0,5392179.07,SUKELCO Tacurong History Ledger
2017,2568,KALANDAGAN C (REMAP 2515),3465,568411.0,5515714.29,SUKELCO Tacurong History Ledger
2017,2569,KALANDAGAN D (REMAP 2515),2753,557849.0,5452865.37,SUKELCO Tacurong History Ledger
2017,2570,PRK 9 - E (REMAP 2515),1436,382521.0,3690964.83,SUKELCO Tacurong History Ledger
2017,2571,N. HIGHWAY A (REMAP 2516),2533,623207.08,6061428.44,SUKELCO Tacurong History Ledger
2017,2572,N. HIGHWAY B (REMAP 2516),3350,867814.0,8402432.61,SUKELCO Tacurong History Ledger
2017,2573,N. HIGHWAY C (REMAP 2516),3414,595741.0,5865360.38,SUKELCO Tacurong History Ledger
2017,2574,REMAP FROM 2520A LIWAYWAY,4274,684659.64,6784479.12,SUKELCO Tacurong History Ledger
2017,2575,REMAP FROM 2520 (TINA),3215,430981.0,4258218.97,SUKELCO Tacurong History Ledger
2017,2576,REMAP FROM 2513A,2846,548242.0,5378727.55,SUKELCO Tacurong History Ledger
2017,2577,REMAP FROM 2513B,2423,498324.0,4866992.32,SUKELCO Tacurong History Ledger
2017,2578,REMAP FROM 2513C,3674,731431.38,7187694.45,SUKELCO Tacurong History Ledger
2017,2579,REMAPPED CALEAN-A,2312,342740.0,3377229.02,SUKELCO Tacurong History Ledger
2017,2580,REMAPPED CALEAN-B,1827,229621.0,2265879.9,SUKELCO Tacurong History Ledger
2017,2581,REMAPPED CALEAN-C,2059,282653.0,2784437.93,SUKELCO Tacurong History Ledger
2017,2584,BRGY. KATUNGAL (2521),1,1.0,7.98,SUKELCO Tacurong History Ledger
2017,2585,BRGY. KATUNGAL (2521),3,325.0,2991.26,SUKELCO Tacurong History Ledger
2017,2588,BUENAFLOR/VILLAGARDE(2531,7,780.0,7736.24,SUKELCO Tacurong History Ledger
2017,2589,BUENAFLOR/VILLAGARDE(2531,1,199.0,1820.2,SUKELCO Tacurong History Ledger
2017,2590,BUENAFLOR/VILLAGARDE(2531,1,388.0,3926.11,SUKELCO Tacurong History Ledger
2017,2597,BRGY. KALANDAGAN (2568A),1,86.0,915.57,SUKELCO Tacurong History Ledger
2017,2599,"BAPA/ROTA-2, GANSING",2,49.0,261.94,SUKELCO Tacurong History Ledger
2018,2501,POB./NAT'L.HIWAY/PRK.6,5951,1013566.0,10310400.92,SUKELCO Tacurong History Ledger
2018,2502,BONIFACIO/LEDESMA/MABINI,6260,1342633.0,13604811.93,SUKELCO Tacurong History Ledger
2018,2503,LEDESMA/LAPU-LAPU/MALVAR,2921,889033.0,8799110.7,SUKELCO Tacurong History Ledger
2018,2504,NAT'L. HIGHWAY/GEN. LUNA,2897,693624.0,6947382.67,SUKELCO Tacurong History Ledger
2018,2505,NAT'L. HIGHWAY/GEN. LUNA,4471,1134299.0,11329550.22,SUKELCO Tacurong History Ledger
2018,2506,POBLACION/RESORT AREA,1626,806215.0,7643725.98,SUKELCO Tacurong History Ledger
2018,2507,LEDESMA/BONIFACIO/MALVAR,1757,734715.0,7096388.88,SUKELCO Tacurong History Ledger
2018,2509,LEDESMA/LAPU-LAPU,2038,1027092.0,9816689.87,SUKELCO Tacurong History Ledger
2018,2510,FLORES/FERNANDEZ/BIACA,10123,2321930.0,23356529.33,SUKELCO Tacurong History Ledger
2018,2511,NAT'L. HIGHWAY/CANOS,5391,1688158.0,16603621.42,SUKELCO Tacurong History Ledger
2018,2512,NAT'L. HIGHWAY/BUCOL SUBD,4488,1322929.0,13098109.45,SUKELCO Tacurong History Ledger
2018,2517,GANSING,3842,562619.0,5671737.55,SUKELCO Tacurong History Ledger
2018,2518,CAYAMBANAN,2855,478142.0,4851895.8,SUKELCO Tacurong History Ledger
2018,2519,SAN EMMANUEL,10755,1869913.0,18911811.83,SUKELCO Tacurong History Ledger
2018,2521,LOWER/UPPER KATUNGAL,6214,852919.0,8677192.46,SUKELCO Tacurong History Ledger
2018,2522,BARAS,4466,788888.0,7974945.35,SUKELCO Tacurong History Ledger
2018,2523,RAJAHMUDA,2188,285284.0,2878470.93,SUKELCO Tacurong History Ledger
2018,2524,NEW PASSI,2681,257948.0,2594406.47,SUKELCO Tacurong History Ledger
2018,2525,SAN ANTONIO,1493,223408.0,2272549.8,SUKELCO Tacurong History Ledger
2018,2526,SAN RAFAEL,1577,186909.0,1893550.33,SUKELCO Tacurong History Ledger
2018,2527,NEW LAGAO,2412,274534.0,2786927.0,SUKELCO Tacurong History Ledger
2018,2529,LEDESMA/QUIPOLOT,1771,185962.0,1880839.39,SUKELCO Tacurong History Ledger
2018,2530,SAN PABLO EXT.,5562,772396.0,7886097.68,SUKELCO Tacurong History Ledger
2018,2531,BUENAFLOR/VILLAGARDE,7184,1054307.0,10706388.49,SUKELCO Tacurong History Ledger
2018,2532,PUROK MASAGANA,1695,120780.0,1212044.08,SUKELCO Tacurong History Ledger
2018,2533,SITIO BETA,763,78662.0,797633.37,SUKELCO Tacurong History Ledger
2018,2534,SITIO MATIAS,640,46268.0,466695.16,SUKELCO Tacurong History Ledger
2018,2536,SITIO MALIPAYON,1893,197826.0,1992735.22,SUKELCO Tacurong History Ledger
2018,2537,SITIO BAG-O,1253,137050.0,1391748.18,SUKELCO Tacurong History Ledger
2018,2538,"PRK. 3, RAJAHMUDA",1321,116063.0,1159753.49,SUKELCO Tacurong History Ledger
2018,2542,MONTIVILLE SUBD.,3116,463260.0,4702579.42,SUKELCO Tacurong History Ledger
2018,2544,JM HOMES,2248,434214.0,4435450.58,SUKELCO Tacurong History Ledger
2018,2545,HABITAT SUBD. SAN PABLO,2930,353880.0,3605558.32,SUKELCO Tacurong History Ledger
2018,2546,"YELLOW VILLAGE,NEW ISABEL",1521,387404.0,3950222.68,SUKELCO Tacurong History Ledger
2018,2547,"SITIO CULINAN, ELISEO",1395,140028.0,1419162.88,SUKELCO Tacurong History Ledger
2018,2548,PUB MKT. - REMAP (2508),3530,585579.0,5731466.51,SUKELCO Tacurong History Ledger
2018,2552,NEW ISABELA- A- REMAP(14),3902,957820.0,9659369.32,SUKELCO Tacurong History Ledger
2018,2553,NEW ISABELA-B - REMAP(14),1330,290095.0,2959087.07,SUKELCO Tacurong History Ledger
2018,2554,NEW ISABELA-C - REMAP(14),6328,1478184.0,14938483.87,SUKELCO Tacurong History Ledger
2018,2555,NEW ISABELA-D- REMAP (14),5023,1062797.0,10737492.24,SUKELCO Tacurong History Ledger
2018,2566,APILADO - A (REMAP 2515),1954,435062.0,4392282.57,SUKELCO Tacurong History Ledger
2018,2567,NEW CARMEN B (REMAP 2515),3246,614388.0,6234725.21,SUKELCO Tacurong History Ledger
2018,2568,KALANDAGAN C (REMAP 2515),3574,642765.0,6446093.72,SUKELCO Tacurong History Ledger
2018,2569,KALANDAGAN D (REMAP 2515),2788,597943.0,6056406.91,SUKELCO Tacurong History Ledger
2018,2570,PRK 9 - E (REMAP 2515),1435,428342.0,4236977.36,SUKELCO Tacurong History Ledger
2018,2571,N. HIGHWAY A (REMAP 2516),2573,647482.0,6489497.49,SUKELCO Tacurong History Ledger
2018,2572,N. HIGHWAY B (REMAP 2516),3534,996569.0,9950176.19,SUKELCO Tacurong History Ledger
2018,2573,N. HIGHWAY C (REMAP 2516),3563,664628.0,6724757.65,SUKELCO Tacurong History Ledger
2018,2574,REMAP FROM 2520A LIWAYWAY,4420,743712.0,7591437.51,SUKELCO Tacurong History Ledger
2018,2575,REMAP FROM 2520 (TINA),3348,481795.0,4897737.03,SUKELCO Tacurong History Ledger
2018,2576,REMAP FROM 2513A,3059,595080.0,6031780.63,SUKELCO Tacurong History Ledger
2018,2577,REMAP FROM 2513B,2485,543929.0,5476091.13,SUKELCO Tacurong History Ledger
2018,2578,REMAP FROM 2513C,3713,768144.0,7774671.63,SUKELCO Tacurong History Ledger
2018,2579,REMAPPED CALEAN-A,2436,394699.0,4014187.09,SUKELCO Tacurong History Ledger
2018,2580,REMAPPED CALEAN-B,1981,273648.0,2795143.03,SUKELCO Tacurong History Ledger
2018,2581,REMAPPED CALEAN-C,2221,356408.0,3615480.93,SUKELCO Tacurong History Ledger
2018,2584,BRGY. KATUNGAL (2521),3,467.0,4691.04,SUKELCO Tacurong History Ledger
2018,2585,BRGY. KATUNGAL (2521),5,85.0,677.51,SUKELCO Tacurong History Ledger
2018,2586,BRGY. KATUNGAL (2521),1,225.0,2305.4,SUKELCO Tacurong History Ledger
2018,2588,BUENAFLOR/VILLAGARDE(2531,1,1151.0,11711.93,SUKELCO Tacurong History Ledger
2018,2589,BUENAFLOR/VILLAGARDE(2531,4,585.0,6064.51,SUKELCO Tacurong History Ledger
2018,2597,BRGY. KALANDAGAN (2568A),5,127.0,1035.64,SUKELCO Tacurong History Ledger
2019,2501,POB./NAT'L.HIWAY/PRK.6,6063,1115216.0,10433044.14,SUKELCO Tacurong History Ledger
2019,2502,BONIFACIO/LEDESMA/MABINI,6258,1532630.0,14240445.32,SUKELCO Tacurong History Ledger
2019,2503,LEDESMA/LAPU-LAPU/MALVAR,2992,936571.0,8488502.31,SUKELCO Tacurong History Ledger
2019,2504,NAT'L. HIGHWAY/GEN. LUNA,2914,710056.0,6512791.32,SUKELCO Tacurong History Ledger
2019,2505,NAT'L. HIGHWAY/GEN. LUNA,4624,1218856.0,11122230.83,SUKELCO Tacurong History Ledger
2019,2506,POBLACION/RESORT AREA,1536,719304.0,6196898.83,SUKELCO Tacurong History Ledger
2019,2507,LEDESMA/BONIFACIO/MALVAR,1763,721458.0,6364514.85,SUKELCO Tacurong History Ledger
2019,2509,LEDESMA/LAPU-LAPU,2040,909477.24,7922745.23,SUKELCO Tacurong History Ledger
2019,2510,FLORES/FERNANDEZ/BIACA,10249,2376150.0,21931256.34,SUKELCO Tacurong History Ledger
2019,2511,NAT'L. HIGHWAY/CANOS,5473,1804897.0,16201025.28,SUKELCO Tacurong History Ledger
2019,2512,NAT'L. HIGHWAY/BUCOL SUBD,4522,1329848.0,12074437.91,SUKELCO Tacurong History Ledger
2019,2517,GANSING,4071,620843.0,5764532.24,SUKELCO Tacurong History Ledger
2019,2518,CAYAMBANAN,3050,539606.0,5035726.74,SUKELCO Tacurong History Ledger
2019,2519,SAN EMMANUEL,11336,2074962.0,19325838.76,SUKELCO Tacurong History Ledger
2019,2521,LOWER/UPPER KATUNGAL,7027,973853.0,9076018.17,SUKELCO Tacurong History Ledger
2019,2522,BARAS,5016,866777.0,8052073.53,SUKELCO Tacurong History Ledger
2019,2523,RAJAHMUDA,2222,307440.0,2843867.73,SUKELCO Tacurong History Ledger
2019,2524,NEW PASSI,2982,292334.0,2699295.79,SUKELCO Tacurong History Ledger
2019,2525,SAN ANTONIO,1838,243659.0,2268687.77,SUKELCO Tacurong History Ledger
2019,2526,SAN RAFAEL,1775,212358.0,1979453.01,SUKELCO Tacurong History Ledger
2019,2527,NEW LAGAO,2929,314100.0,2917278.97,SUKELCO Tacurong History Ledger
2019,2529,LEDESMA/QUIPOLOT,2131,224878.0,2089991.7,SUKELCO Tacurong History Ledger
2019,2530,SAN PABLO EXT.,6109,882113.0,8285504.63,SUKELCO Tacurong History Ledger
2019,2531,BUENAFLOR/VILLAGARDE,7593,1194891.0,11162451.8,SUKELCO Tacurong History Ledger
2019,2532,PUROK MASAGANA,2206,140647.0,1284244.67,SUKELCO Tacurong History Ledger
2019,2533,SITIO BETA,863,81031.0,754719.33,SUKELCO Tacurong History Ledger
2019,2534,SITIO MATIAS,668,52276.0,485515.23,SUKELCO Tacurong History Ledger
2019,2536,SITIO MALIPAYON,2248,245100.0,2272845.23,SUKELCO Tacurong History Ledger
2019,2537,SITIO BAG-O,1334,165268.0,1546483.91,SUKELCO Tacurong History Ledger
2019,2538,"PRK. 3, RAJAHMUDA",1403,133399.0,1232466.44,SUKELCO Tacurong History Ledger
2019,2542,MONTIVILLE SUBD.,3112,500060.0,4665273.05,SUKELCO Tacurong History Ledger
2019,2544,JM HOMES,2316,453190.0,4257751.31,SUKELCO Tacurong History Ledger
2019,2545,HABITAT SUBD. SAN PABLO,2961,391959.0,3671387.94,SUKELCO Tacurong History Ledger
2019,2546,"YELLOW VILLAGE,NEW ISABEL",1492,405913.0,3807673.91,SUKELCO Tacurong History Ledger
2019,2547,"SITIO CULINAN, ELISEO",1657,163329.0,1518231.0,SUKELCO Tacurong History Ledger
2019,2548,PUB MKT. - REMAP (2508),3589,595366.0,5305992.87,SUKELCO Tacurong History Ledger
2019,2552,NEW ISABELA- A- REMAP(14),4048,1008617.0,9373155.06,SUKELCO Tacurong History Ledger
2019,2553,NEW ISABELA-B - REMAP(14),1371,324127.0,3037565.76,SUKELCO Tacurong History Ledger
2019,2554,NEW ISABELA-C - REMAP(14),6471,1602980.0,14867372.13,SUKELCO Tacurong History Ledger
2019,2555,NEW ISABELA-D- REMAP (14),5206,1170710.0,10858855.7,SUKELCO Tacurong History Ledger
2019,2566,APILADO - A (REMAP 2515),1970,486165.0,4500370.48,SUKELCO Tacurong History Ledger
2019,2567,NEW CARMEN B (REMAP 2515),3623,690008.64,6418030.32,SUKELCO Tacurong History Ledger
2019,2568,KALANDAGAN C (REMAP 2515),3682,762834.0,6995258.72,SUKELCO Tacurong History Ledger
2019,2569,KALANDAGAN D (REMAP 2515),3029,717188.0,6613292.86,SUKELCO Tacurong History Ledger
2019,2570,PRK 9 - E (REMAP 2515),1450,473754.0,4300585.75,SUKELCO Tacurong History Ledger
2019,2571,N. HIGHWAY A (REMAP 2516),2724,721109.0,6622409.03,SUKELCO Tacurong History Ledger
2019,2572,N. HIGHWAY B (REMAP 2516),3666,1071264.0,9815924.95,SUKELCO Tacurong History Ledger
2019,2573,N. HIGHWAY C (REMAP 2516),3839,729862.0,6797084.33,SUKELCO Tacurong History Ledger
2019,2574,REMAP FROM 2520A LIWAYWAY,4625,845324.0,7925239.58,SUKELCO Tacurong History Ledger
2019,2575,REMAP FROM 2520 (TINA),3729,560672.0,5243433.26,SUKELCO Tacurong History Ledger
2019,2576,REMAP FROM 2513A,3216,696017.0,6468617.58,SUKELCO Tacurong History Ledger
2019,2577,REMAP FROM 2513B,2515,618563.0,5710555.06,SUKELCO Tacurong History Ledger
2019,2578,REMAP FROM 2513C,3789,857121.0,7958685.05,SUKELCO Tacurong History Ledger
2019,2579,REMAPPED CALEAN-A,2574,432303.0,4033311.31,SUKELCO Tacurong History Ledger
2019,2580,REMAPPED CALEAN-B,2391,320305.0,3016595.73,SUKELCO Tacurong History Ledger
2019,2581,REMAPPED CALEAN-C,2525,385610.0,3602534.44,SUKELCO Tacurong History Ledger
2019,2584,BRGY. KATUNGAL (2521),9,114.0,1458.22,SUKELCO Tacurong History Ledger
2019,2585,BRGY. KATUNGAL (2521),13,1152.0,10991.01,SUKELCO Tacurong History Ledger
2019,2586,BRGY. KATUNGAL (2521),9,1723.0,15051.73,SUKELCO Tacurong History Ledger
2019,2587,BRGY. KATUNGAL (2521),7,2433.0,22737.61,SUKELCO Tacurong History Ledger
2019,2588,BUENAFLOR/VILLAGARDE(2531,2,733.0,7092.31,SUKELCO Tacurong History Ledger
2019,2589,BUENAFLOR/VILLAGARDE(2531,6,628.0,5949.82,SUKELCO Tacurong History Ledger
2019,2590,BUENAFLOR/VILLAGARDE(2531,6,267.0,2354.99,SUKELCO Tacurong History Ledger
2019,2591,BUENAFLOR/VILLAGARDE(2531,4,4736.0,44085.01,SUKELCO Tacurong History Ledger
2019,2592,SAN PABLO (2530),6,627.0,6004.52,SUKELCO Tacurong History Ledger
2019,2593,SAN PABLO (2530),1,14.0,63.97,SUKELCO Tacurong History Ledger
2019,2594,SAN PABLO (2530),12,1191.0,11075.55,SUKELCO Tacurong History Ledger
2019,2595,SAN PABLO (2530),2,135.0,1249.83,SUKELCO Tacurong History Ledger
2019,2597,BRGY. KALANDAGAN (2568A),6,649.0,5952.24,SUKELCO Tacurong History Ledger
2020,2501,POB./NAT'L.HIWAY/PRK.6,7383,1211522.0,12034519.21,SUKELCO Tacurong History Ledger
2020,2502,BONIFACIO/LEDESMA/MABINI,6553,1649539.0,16319750.11,SUKELCO Tacurong History Ledger
2020,2503,LEDESMA/LAPU-LAPU/MALVAR,3004,905164.0,8769771.97,SUKELCO Tacurong History Ledger
2020,2504,NAT'L. HIGHWAY/GEN. LUNA,2988,720020.0,7069943.87,SUKELCO Tacurong History Ledger
2020,2505,NAT'L. HIGHWAY/GEN. LUNA,4549,1130075.0,10961922.95,SUKELCO Tacurong History Ledger
2020,2506,POBLACION/RESORT AREA,1486,599937.0,5520393.77,SUKELCO Tacurong History Ledger
2020,2507,LEDESMA/BONIFACIO/MALVAR,1800,598897.0,5643113.57,SUKELCO Tacurong History Ledger
2020,2509,LEDESMA/LAPU-LAPU,1993,633370.0,5898871.8,SUKELCO Tacurong History Ledger
2020,2510,FLORES/FERNANDEZ/BIACA,10518,2418811.0,23812752.44,SUKELCO Tacurong History Ledger
2020,2511,NAT'L. HIGHWAY/CANOS,6262,1523197.0,14614485.11,SUKELCO Tacurong History Ledger
2020,2512,NAT'L. HIGHWAY/BUCOL SUBD,4733,1249824.0,12118537.1,SUKELCO Tacurong History Ledger
2020,2517,GANSING,5656,688413.0,6794628.15,SUKELCO Tacurong History Ledger
2020,2518,CAYAMBANAN,3763,597556.0,5906954.71,SUKELCO Tacurong History Ledger
2020,2519,SAN EMMANUEL,13493,2302090.0,22842668.22,SUKELCO Tacurong History Ledger
2020,2521,LOWER/UPPER KATUNGAL,3342,404405.0,3845611.99,SUKELCO Tacurong History Ledger
2020,2522,BARAS,6505,883080.0,8724978.49,SUKELCO Tacurong History Ledger
2020,2523,RAJAHMUDA,2497,306147.0,2997500.55,SUKELCO Tacurong History Ledger
2020,2524,NEW PASSI,3627,311832.0,3042196.16,SUKELCO Tacurong History Ledger
2020,2525,SAN ANTONIO,2239,265866.0,2627459.57,SUKELCO Tacurong History Ledger
2020,2526,SAN RAFAEL,2651,232961.0,2290816.71,SUKELCO Tacurong History Ledger
2020,2527,NEW LAGAO,3907,332636.0,3260891.91,SUKELCO Tacurong History Ledger
2020,2529,LEDESMA/QUIPOLOT,2879,268135.0,2644747.06,SUKELCO Tacurong History Ledger
2020,2530,SAN PABLO EXT.,3166,419165.0,4011295.49,SUKELCO Tacurong History Ledger
2020,2531,BUENAFLOR/VILLAGARDE,3517,560039.0,5324597.34,SUKELCO Tacurong History Ledger
2020,2532,PUROK MASAGANA,2335,161009.0,1564185.36,SUKELCO Tacurong History Ledger
2020,2533,SITIO BETA,1078,91878.0,906249.68,SUKELCO Tacurong History Ledger
2020,2534,SITIO MATIAS,798,60205.0,591210.36,SUKELCO Tacurong History Ledger
2020,2536,SITIO MALIPAYON,3283,279017.0,2733121.7,SUKELCO Tacurong History Ledger
2020,2537,SITIO BAG-O,1421,196616.0,1964721.93,SUKELCO Tacurong History Ledger
2020,2538,"PRK. 3, RAJAHMUDA",1764,140538.0,1368661.93,SUKELCO Tacurong History Ledger
2020,2542,MONTIVILLE SUBD.,3049,558014.0,5517582.77,SUKELCO Tacurong History Ledger
2020,2544,JM HOMES,2384,515974.0,5138541.64,SUKELCO Tacurong History Ledger
2020,2545,HABITAT SUBD. SAN PABLO,3080,444103.0,4422580.14,SUKELCO Tacurong History Ledger
2020,2546,"YELLOW VILLAGE,NEW ISABEL",1464,427626.0,4246797.22,SUKELCO Tacurong History Ledger
2020,2547,"SITIO CULINAN, ELISEO",2112,188203.0,1856696.47,SUKELCO Tacurong History Ledger
2020,2548,PUB MKT. - REMAP (2508),3561,436185.0,4192891.6,SUKELCO Tacurong History Ledger
2020,2552,NEW ISABELA- A- REMAP(14),4406,1013121.0,10065450.88,SUKELCO Tacurong History Ledger
2020,2553,NEW ISABELA-B - REMAP(14),1412,371218.0,3684353.53,SUKELCO Tacurong History Ledger
2020,2554,NEW ISABELA-C - REMAP(14),6539,1615964.0,15957893.61,SUKELCO Tacurong History Ledger
2020,2555,NEW ISABELA-D- REMAP (14),5422,1203685.0,11865562.22,SUKELCO Tacurong History Ledger
2020,2566,APILADO - A (REMAP 2515),1920,489495.0,4809377.7,SUKELCO Tacurong History Ledger
2020,2567,NEW CARMEN B (REMAP 2515),4237,782508.0,7759643.12,SUKELCO Tacurong History Ledger
2020,2568,KALANDAGAN C (REMAP 2515),4873,894441.0,8708897.1,SUKELCO Tacurong History Ledger
2020,2569,KALANDAGAN D (REMAP 2515),3398,698835.0,6907341.21,SUKELCO Tacurong History Ledger
2020,2570,PRK 9 - E (REMAP 2515),1700,456666.0,4437859.84,SUKELCO Tacurong History Ledger
2020,2571,N. HIGHWAY A (REMAP 2516),3124,780265.0,7650045.67,SUKELCO Tacurong History Ledger
2020,2572,N. HIGHWAY B (REMAP 2516),4637,1066861.0,10438451.88,SUKELCO Tacurong History Ledger
2020,2573,N. HIGHWAY C (REMAP 2516),4231,763203.0,7549956.84,SUKELCO Tacurong History Ledger
2020,2574,REMAP FROM 2520A LIWAYWAY,6051,951814.0,9487002.2,SUKELCO Tacurong History Ledger
2020,2575,REMAP FROM 2520 (TINA),5309,662582.0,6580768.6,SUKELCO Tacurong History Ledger
2020,2576,REMAP FROM 2513A,3670,733586.0,7249039.55,SUKELCO Tacurong History Ledger
2020,2577,REMAP FROM 2513B,2670,658508.0,6483034.95,SUKELCO Tacurong History Ledger
2020,2578,REMAP FROM 2513C,4117,971755.0,9604371.66,SUKELCO Tacurong History Ledger
2020,2579,REMAPPED CALEAN-A,3222,482317.0,4763336.12,SUKELCO Tacurong History Ledger
2020,2580,REMAPPED CALEAN-B,3217,367780.0,3659498.45,SUKELCO Tacurong History Ledger
2020,2581,REMAPPED CALEAN-C,3009,463773.0,4620899.28,SUKELCO Tacurong History Ledger
2020,2582,REMAPPED BAPA SALUKAG,459,41713.0,425781.36,SUKELCO Tacurong History Ledger
2020,2583,BAPA R#1 GANSING(70-2518),273,23574.0,237800.05,SUKELCO Tacurong History Ledger
2020,2584,BRGY. KATUNGAL (2521),1866,177372.0,1803930.14,SUKELCO Tacurong History Ledger
2020,2585,BRGY. KATUNGAL (2521),1826,181214.0,1835955.66,SUKELCO Tacurong History Ledger
2020,2586,BRGY. KATUNGAL (2521),1721,210664.0,2147433.69,SUKELCO Tacurong History Ledger
2020,2587,BRGY. KATUNGAL (2521),898,105929.0,1085304.33,SUKELCO Tacurong History Ledger
2020,2588,BUENAFLOR/VILLAGARDE(2531,1734,348422.0,3530620.4,SUKELCO Tacurong History Ledger
2020,2589,BUENAFLOR/VILLAGARDE(2531,1354,186070.0,1902174.28,SUKELCO Tacurong History Ledger
2020,2590,BUENAFLOR/VILLAGARDE(2531,1991,193584.0,1973540.71,SUKELCO Tacurong History Ledger
2020,2591,BUENAFLOR/VILLAGARDE(2531,1228,160740.0,1636671.97,SUKELCO Tacurong History Ledger
2020,2592,SAN PABLO (2530),1116,163989.0,1683474.34,SUKELCO Tacurong History Ledger
2020,2593,SAN PABLO (2530),1601,193626.0,1983542.31,SUKELCO Tacurong History Ledger
2020,2594,SAN PABLO (2530),1623,142362.0,1445992.25,SUKELCO Tacurong History Ledger
2020,2595,SAN PABLO (2530),1473,119085.0,1206446.69,SUKELCO Tacurong History Ledger
2020,2597,BRGY. KALANDAGAN (2568A),30,2700.0,26821.75,SUKELCO Tacurong History Ledger
2020,2598,BRGY.KALANDAGAN (2568B),4,172.0,1748.0,SUKELCO Tacurong History Ledger
2021,2501,POB./NAT'L.HIWAY/PRK.6,7906,1241230.0,12879034.49,SUKELCO Tacurong History Ledger
2021,2502,BONIFACIO/LEDESMA/MABINI,6859,1584410.0,16367549.38,SUKELCO Tacurong History Ledger
2021,2503,LEDESMA/LAPU-LAPU/MALVAR,3055,987219.0,9939698.71,SUKELCO Tacurong History Ledger
2021,2504,NAT'L. HIGHWAY/GEN. LUNA,2963,705022.0,7238044.27,SUKELCO Tacurong History Ledger
2021,2505,NAT'L. HIGHWAY/GEN. LUNA,4571,1097678.0,11106663.64,SUKELCO Tacurong History Ledger
2021,2506,POBLACION/RESORT AREA,1424,589332.0,5660151.66,SUKELCO Tacurong History Ledger
2021,2507,LEDESMA/BONIFACIO/MALVAR,1827,587383.0,5805982.93,SUKELCO Tacurong History Ledger
2021,2509,LEDESMA/LAPU-LAPU,1953,667451.0,6477377.57,SUKELCO Tacurong History Ledger
2021,2510,FLORES/FERNANDEZ/BIACA,10894,2432667.0,25067640.27,SUKELCO Tacurong History Ledger
2021,2511,NAT'L. HIGHWAY/CANOS,6358,1422351.0,14284687.18,SUKELCO Tacurong History Ledger
2021,2512,NAT'L. HIGHWAY/BUCOL SUBD,4912,1253342.0,12696123.81,SUKELCO Tacurong History Ledger
2021,2517,GANSING,5944,716011.0,7389212.08,SUKELCO Tacurong History Ledger
2021,2518,CAYAMBANAN,4221,617101.0,6394347.01,SUKELCO Tacurong History Ledger
2021,2519,SAN EMMANUEL,15287,2412170.0,24984794.33,SUKELCO Tacurong History Ledger
2021,2522,BARAS,7074,930376.0,9641083.37,SUKELCO Tacurong History Ledger
2021,2523,RAJAHMUDA,2569,308710.0,3165292.21,SUKELCO Tacurong History Ledger
2021,2524,NEW PASSI,3860,322905.0,3306301.26,SUKELCO Tacurong History Ledger
2021,2525,SAN ANTONIO,2408,262768.0,2725664.52,SUKELCO Tacurong History Ledger
2021,2526,SAN RAFAEL,2802,247839.0,2549851.08,SUKELCO Tacurong History Ledger
2021,2527,NEW LAGAO,4124,339696.0,3476565.73,SUKELCO Tacurong History Ledger
2021,2529,LEDESMA/QUIPOLOT,3028,276572.0,2865943.24,SUKELCO Tacurong History Ledger
2021,2532,PUROK MASAGANA,2504,163033.0,1660727.48,SUKELCO Tacurong History Ledger
2021,2533,SITIO BETA,1193,95970.0,991373.22,SUKELCO Tacurong History Ledger
2021,2534,SITIO MATIAS,856,63309.0,651179.88,SUKELCO Tacurong History Ledger
2021,2536,SITIO MALIPAYON,3864,324734.0,3339929.85,SUKELCO Tacurong History Ledger
2021,2537,SITIO BAG-O,1583,194991.0,2032382.82,SUKELCO Tacurong History Ledger
2021,2538,"PRK. 3, RAJAHMUDA",1883,146896.2,1499130.99,SUKELCO Tacurong History Ledger
2021,2542,MONTIVILLE SUBD.,3038,559919.0,5790502.72,SUKELCO Tacurong History Ledger
2021,2544,JM HOMES,2475,500633.0,5200671.53,SUKELCO Tacurong History Ledger
2021,2545,HABITAT SUBD. SAN PABLO,3078,445829.0,4637907.33,SUKELCO Tacurong History Ledger
2021,2546,"YELLOW VILLAGE,NEW ISABEL",1464,405757.0,4210481.13,SUKELCO Tacurong History Ledger
2021,2547,"SITIO CULINAN, ELISEO",2414,209849.0,2172335.21,SUKELCO Tacurong History Ledger
2021,2548,PUB MKT. - REMAP (2508),3471,426805.0,4285876.66,SUKELCO Tacurong History Ledger
2021,2552,NEW ISABELA- A- REMAP(14),4932,1044831.0,10851961.88,SUKELCO Tacurong History Ledger
2021,2553,NEW ISABELA-B - REMAP(14),1564,378321.0,3924739.95,SUKELCO Tacurong History Ledger
2021,2554,NEW ISABELA-C - REMAP(14),7004,1575936.0,16289535.28,SUKELCO Tacurong History Ledger
2021,2555,NEW ISABELA-D- REMAP (14),5660,1195055.0,12338343.71,SUKELCO Tacurong History Ledger
2021,2566,APILADO - A (REMAP 2515),2168,471210.0,4846129.27,SUKELCO Tacurong History Ledger
2021,2567,NEW CARMEN B (REMAP 2515),4591,863598.0,8941045.0,SUKELCO Tacurong History Ledger
2021,2568,KALANDAGAN C (REMAP 2515),2459,404911.0,3947826.29,SUKELCO Tacurong History Ledger
2021,2569,KALANDAGAN D (REMAP 2515),3650,673272.0,6983188.98,SUKELCO Tacurong History Ledger
2021,2570,PRK 9 - E (REMAP 2515),1761,441002.0,4482432.98,SUKELCO Tacurong History Ledger
2021,2571,N. HIGHWAY A (REMAP 2516),3466,785535.0,8066066.87,SUKELCO Tacurong History Ledger
2021,2572,N. HIGHWAY B (REMAP 2516),5883,1139352.63,11693944.07,SUKELCO Tacurong History Ledger
2021,2573,N. HIGHWAY C (REMAP 2516),4570,740471.0,7675278.26,SUKELCO Tacurong History Ledger
2021,2574,REMAP FROM 2520A LIWAYWAY,6572,961097.0,10006187.85,SUKELCO Tacurong History Ledger
2021,2575,REMAP FROM 2520 (TINA),5730,728681.0,7566215.83,SUKELCO Tacurong History Ledger
2021,2576,REMAP FROM 2513A,4164,742556.0,7660758.95,SUKELCO Tacurong History Ledger
2021,2577,REMAP FROM 2513B,2827,633360.0,6512820.01,SUKELCO Tacurong History Ledger
2021,2578,REMAP FROM 2513C,4600,990167.0,10259956.68,SUKELCO Tacurong History Ledger
2021,2579,REMAPPED CALEAN-A,3507,523711.0,5420625.85,SUKELCO Tacurong History Ledger
2021,2580,REMAPPED CALEAN-B,3699,402675.0,4194182.45,SUKELCO Tacurong History Ledger
2021,2581,REMAPPED CALEAN-C,3407,521479.0,5428595.52,SUKELCO Tacurong History Ledger
2021,2582,REMAPPED BAPA SALUKAG,1558,150683.0,1563466.01,SUKELCO Tacurong History Ledger
2021,2583,BAPA R#1 GANSING(70-2518),2096,153774.0,1578288.5,SUKELCO Tacurong History Ledger
2021,2584,BRGY. KATUNGAL (2521),3112,336023.0,3487534.5,SUKELCO Tacurong History Ledger
2021,2585,BRGY. KATUNGAL (2521),3163,348968.0,3620601.11,SUKELCO Tacurong History Ledger
2021,2586,BRGY. KATUNGAL (2521),3272,385214.0,4009089.8,SUKELCO Tacurong History Ledger
2021,2587,BRGY. KATUNGAL (2521),1672,169183.0,1777902.42,SUKELCO Tacurong History Ledger
2021,2588,BUENAFLOR/VILLAGARDE(2531,3058,603553.0,6222996.17,SUKELCO Tacurong History Ledger
2021,2589,BUENAFLOR/VILLAGARDE(2531,2318,333299.0,3467605.89,SUKELCO Tacurong History Ledger
2021,2590,BUENAFLOR/VILLAGARDE(2531,3210,320248.0,3339102.11,SUKELCO Tacurong History Ledger
2021,2591,BUENAFLOR/VILLAGARDE(2531,2194,290623.0,3024649.58,SUKELCO Tacurong History Ledger
2021,2592,SAN PABLO (2530),1930,293430.0,3062704.84,SUKELCO Tacurong History Ledger
2021,2593,SAN PABLO (2530),3084,378854.0,3950805.16,SUKELCO Tacurong History Ledger
2021,2594,SAN PABLO (2530),2991,246200.0,2538549.89,SUKELCO Tacurong History Ledger
2021,2595,SAN PABLO (2530),2910,220081.0,2267318.63,SUKELCO Tacurong History Ledger
2021,2596,ISLAM GRINO (BAPA- ISLAM),1737,81549.0,807494.18,SUKELCO Tacurong History Ledger
2021,2597,BRGY. KALANDAGAN (2568A),1676,341283.0,3506424.51,SUKELCO Tacurong History Ledger
2021,2598,BRGY.KALANDAGAN (2568B),1705,235725.0,2508878.49,SUKELCO Tacurong History Ledger
2021,2599,"BAPA/ROTA-2, GANSING",7,247.0,2590.82,SUKELCO Tacurong History Ledger
2022,2501,POB./NAT'L.HIWAY/PRK.6,7937,1226839.0,15128248.62,SUKELCO Tacurong History Ledger
2022,2502,BONIFACIO/LEDESMA/MABINI,6955,1576393.0,19348572.04,SUKELCO Tacurong History Ledger
2022,2503,LEDESMA/LAPU-LAPU/MALVAR,3350,1006280.0,12172651.59,SUKELCO Tacurong History Ledger
2022,2504,NAT'L. HIGHWAY/GEN. LUNA,2906,684746.0,8373503.05,SUKELCO Tacurong History Ledger
2022,2505,NAT'L. HIGHWAY/GEN. LUNA,4619,1050021.0,12716611.49,SUKELCO Tacurong History Ledger
2022,2506,POBLACION/RESORT AREA,1356,564590.0,6569398.42,SUKELCO Tacurong History Ledger
2022,2507,LEDESMA/BONIFACIO/MALVAR,1810,602212.0,7158182.1,SUKELCO Tacurong History Ledger
2022,2509,LEDESMA/LAPU-LAPU,2035,784776.0,9229003.82,SUKELCO Tacurong History Ledger
2022,2510,FLORES/FERNANDEZ/BIACA,11123,2436942.0,29842409.49,SUKELCO Tacurong History Ledger
2022,2511,NAT'L. HIGHWAY/CANOS,6418,1467274.0,17640901.61,SUKELCO Tacurong History Ledger
2022,2512,NAT'L. HIGHWAY/BUCOL SUBD,5031,1237741.0,15013478.26,SUKELCO Tacurong History Ledger
2022,2517,GANSING,5896,724787.0,8905348.06,SUKELCO Tacurong History Ledger
2022,2518,CAYAMBANAN,4322,633977.0,7801706.48,SUKELCO Tacurong History Ledger
2022,2519,SAN EMMANUEL,15483,2418182.8,29814862.37,SUKELCO Tacurong History Ledger
2022,2522,BARAS,7217,948258.0,11684646.41,SUKELCO Tacurong History Ledger
2022,2523,RAJAHMUDA,2614,307766.0,3760702.05,SUKELCO Tacurong History Ledger
2022,2524,NEW PASSI,3866,328533.0,3996199.78,SUKELCO Tacurong History Ledger
2022,2525,SAN ANTONIO,2497,255986.0,3152442.91,SUKELCO Tacurong History Ledger
2022,2526,SAN RAFAEL,2771,246947.0,3018730.4,SUKELCO Tacurong History Ledger
2022,2527,NEW LAGAO,4058,321960.0,3910663.56,SUKELCO Tacurong History Ledger
2022,2529,LEDESMA/QUIPOLOT,3028,303668.0,3741929.36,SUKELCO Tacurong History Ledger
2022,2532,PUROK MASAGANA,2497,159466.0,1926644.45,SUKELCO Tacurong History Ledger
2022,2533,SITIO BETA,1178,97524.0,1198911.41,SUKELCO Tacurong History Ledger
2022,2534,SITIO MATIAS,854,59545.0,724611.64,SUKELCO Tacurong History Ledger
2022,2536,SITIO MALIPAYON,3953,358579.0,4383377.29,SUKELCO Tacurong History Ledger
2022,2537,SITIO BAG-O,1587,192234.0,2379595.93,SUKELCO Tacurong History Ledger
2022,2538,"PRK. 3, RAJAHMUDA",1857,143094.0,1733855.2,SUKELCO Tacurong History Ledger
2022,2542,MONTIVILLE SUBD.,3091,524077.1,6435857.23,SUKELCO Tacurong History Ledger
2022,2544,JM HOMES,2468,455431.0,5625246.52,SUKELCO Tacurong History Ledger
2022,2545,HABITAT SUBD. SAN PABLO,3072,450755.0,5574347.28,SUKELCO Tacurong History Ledger
2022,2546,"YELLOW VILLAGE,NEW ISABEL",1489,389577.0,4802855.3,SUKELCO Tacurong History Ledger
2022,2547,"SITIO CULINAN, ELISEO",2523,219320.0,2702519.84,SUKELCO Tacurong History Ledger
2022,2548,PUB MKT. - REMAP (2508),3519,456031.0,5515353.8,SUKELCO Tacurong History Ledger
2022,2552,NEW ISABELA- A- REMAP(14),4981,1095018.0,13537724.11,SUKELCO Tacurong History Ledger
2022,2553,NEW ISABELA-B - REMAP(14),1578,382141.0,4726415.15,SUKELCO Tacurong History Ledger
2022,2554,NEW ISABELA-C - REMAP(14),7346,1591994.0,19570211.44,SUKELCO Tacurong History Ledger
2022,2555,NEW ISABELA-D- REMAP (14),5719,1173969.0,14423928.33,SUKELCO Tacurong History Ledger
2022,2566,APILADO - A (REMAP 2515),2165,459801.0,5649430.54,SUKELCO Tacurong History Ledger
2022,2567,NEW CARMEN B (REMAP 2515),4710,919687.0,11323456.46,SUKELCO Tacurong History Ledger
2022,2568,KALANDAGAN C (REMAP 2515),9,378.0,4653.22,SUKELCO Tacurong History Ledger
2022,2569,KALANDAGAN D (REMAP 2515),3577,662705.0,8167330.78,SUKELCO Tacurong History Ledger
2022,2570,PRK 9 - E (REMAP 2515),1768,435253.0,5300160.14,SUKELCO Tacurong History Ledger
2022,2571,N. HIGHWAY A (REMAP 2516),3550,792617.0,9693773.28,SUKELCO Tacurong History Ledger
2022,2572,N. HIGHWAY B (REMAP 2516),6193,1227109.0,14968762.2,SUKELCO Tacurong History Ledger
2022,2573,N. HIGHWAY C (REMAP 2516),4649,783970.0,9670743.85,SUKELCO Tacurong History Ledger
2022,2574,REMAP FROM 2520A LIWAYWAY,6632,925743.0,11446010.12,SUKELCO Tacurong History Ledger
2022,2575,REMAP FROM 2520 (TINA),5874,750278.0,9253140.22,SUKELCO Tacurong History Ledger
2022,2576,REMAP FROM 2513A,4156,724918.0,8894218.76,SUKELCO Tacurong History Ledger
2022,2577,REMAP FROM 2513B,2892,601136.0,7371386.63,SUKELCO Tacurong History Ledger
2022,2578,REMAP FROM 2513C,4728,949232.0,11684193.74,SUKELCO Tacurong History Ledger
2022,2579,REMAPPED CALEAN-A,3464,544202.0,6729108.03,SUKELCO Tacurong History Ledger
2022,2580,REMAPPED CALEAN-B,3834,420793.0,5215699.71,SUKELCO Tacurong History Ledger
2022,2581,REMAPPED CALEAN-C,3540,552882.0,6831632.21,SUKELCO Tacurong History Ledger
2022,2582,REMAPPED BAPA SALUKAG,1572,154296.0,1907964.19,SUKELCO Tacurong History Ledger
2022,2583,BAPA R#1 GANSING(70-2518),2184,156281.0,1894302.9,SUKELCO Tacurong History Ledger
2022,2584,BRGY. KATUNGAL (2521),3148,356918.0,4404657.12,SUKELCO Tacurong History Ledger
2022,2585,BRGY. KATUNGAL (2521),3267,386321.0,4737636.05,SUKELCO Tacurong History Ledger
2022,2586,BRGY. KATUNGAL (2521),3377,396596.0,4909361.4,SUKELCO Tacurong History Ledger
2022,2587,BRGY. KATUNGAL (2521),1691,210880.0,2635233.3,SUKELCO Tacurong History Ledger
2022,2588,BUENAFLOR/VILLAGARDE(2531,3121,618718.0,7594324.79,SUKELCO Tacurong History Ledger
2022,2589,BUENAFLOR/VILLAGARDE(2531,2362,351736.0,4359456.35,SUKELCO Tacurong History Ledger
2022,2590,BUENAFLOR/VILLAGARDE(2531,3246,343360.0,4245019.71,SUKELCO Tacurong History Ledger
2022,2591,BUENAFLOR/VILLAGARDE(2531,2311,295803.0,3649038.15,SUKELCO Tacurong History Ledger
2022,2592,SAN PABLO (2530),1973,305483.0,3790377.39,SUKELCO Tacurong History Ledger
2022,2593,SAN PABLO (2530),3166,377851.0,4675397.18,SUKELCO Tacurong History Ledger
2022,2594,SAN PABLO (2530),3022,248277.0,3050812.57,SUKELCO Tacurong History Ledger
2022,2595,SAN PABLO (2530),3029,221901.0,2712702.56,SUKELCO Tacurong History Ledger
2022,2596,ISLAM GRINO (BAPA- ISLAM),2078,100430.0,1170256.3,SUKELCO Tacurong History Ledger
2022,2597,BRGY. KALANDAGAN (2568A),2967,443820.0,5351201.2,SUKELCO Tacurong History Ledger
2022,2598,BRGY.KALANDAGAN (2568B),3039,412980.0,5078781.88,SUKELCO Tacurong History Ledger
2022,2599,"BAPA/ROTA-2, GANSING",700,89789.0,1147421.85,SUKELCO Tacurong History Ledger
2023,2501,POB./NAT'L.HIWAY/PRK.6,8082,1317320.0,14552382.15,SUKELCO Tacurong History Ledger
2023,2502,BONIFACIO/LEDESMA/MABINI,6971,1645771.0,18085965.19,SUKELCO Tacurong History Ledger
2023,2503,LEDESMA/LAPU-LAPU/MALVAR,3410,1039167.0,11229409.93,SUKELCO Tacurong History Ledger
2023,2504,NAT'L. HIGHWAY/GEN. LUNA,2929,733252.0,8014810.45,SUKELCO Tacurong History Ledger
2023,2505,NAT'L. HIGHWAY/GEN. LUNA,4628,1194089.0,12894199.14,SUKELCO Tacurong History Ledger
2023,2506,POBLACION/RESORT AREA,1389,581841.0,6051170.36,SUKELCO Tacurong History Ledger
2023,2507,LEDESMA/BONIFACIO/MALVAR,1821,668604.0,7050183.9,SUKELCO Tacurong History Ledger
2023,2509,LEDESMA/LAPU-LAPU,2026,924484.0,9612569.16,SUKELCO Tacurong History Ledger
2023,2510,FLORES/FERNANDEZ/BIACA,11199,2503610.0,27503156.85,SUKELCO Tacurong History Ledger
2023,2511,NAT'L. HIGHWAY/CANOS,6234,1574679.0,16887073.08,SUKELCO Tacurong History Ledger
2023,2512,NAT'L. HIGHWAY/BUCOL SUBD,5098,1349919.0,14605340.77,SUKELCO Tacurong History Ledger
2023,2517,GANSING,5896,776030.0,8515456.61,SUKELCO Tacurong History Ledger
2023,2518,CAYAMBANAN,4289,643266.0,7066082.79,SUKELCO Tacurong History Ledger
2023,2519,SAN EMMANUEL,15712,2657446.0,29268581.76,SUKELCO Tacurong History Ledger
2023,2522,BARAS,7228,1002355.0,11056109.8,SUKELCO Tacurong History Ledger
2023,2523,RAJAHMUDA,2581,317194.0,3463847.25,SUKELCO Tacurong History Ledger
2023,2524,NEW PASSI,3869,361751.0,3945851.26,SUKELCO Tacurong History Ledger
2023,2525,SAN ANTONIO,2517,272844.0,3008445.54,SUKELCO Tacurong History Ledger
2023,2526,SAN RAFAEL,2794,245251.0,2686130.26,SUKELCO Tacurong History Ledger
2023,2527,NEW LAGAO,4051,338553.0,3691896.24,SUKELCO Tacurong History Ledger
2023,2529,LEDESMA/QUIPOLOT,3017,311998.0,3443004.44,SUKELCO Tacurong History Ledger
2023,2532,PUROK MASAGANA,2488,157915.0,1704263.57,SUKELCO Tacurong History Ledger
2023,2533,SITIO BETA,1158,101521.0,1116280.58,SUKELCO Tacurong History Ledger
2023,2534,SITIO MATIAS,847,60034.0,655506.05,SUKELCO Tacurong History Ledger
2023,2536,SITIO MALIPAYON,4095,382641.0,4161182.96,SUKELCO Tacurong History Ledger
2023,2537,SITIO BAG-O,1622,194190.0,2155415.39,SUKELCO Tacurong History Ledger
2023,2538,"PRK. 3, RAJAHMUDA",1862,145587.0,1586873.26,SUKELCO Tacurong History Ledger
2023,2542,MONTIVILLE SUBD.,3083,529763.0,5852657.22,SUKELCO Tacurong History Ledger
2023,2544,JM HOMES,2529,484988.0,5377232.39,SUKELCO Tacurong History Ledger
2023,2545,HABITAT SUBD. SAN PABLO,3080,459291.53,5096784.91,SUKELCO Tacurong History Ledger
2023,2546,"YELLOW VILLAGE,NEW ISABEL",1546,395452.0,4388843.87,SUKELCO Tacurong History Ledger
2023,2547,"SITIO CULINAN, ELISEO",2511,236075.0,2594824.91,SUKELCO Tacurong History Ledger
2023,2548,PUB MKT. - REMAP (2508),3613,495961.0,5355734.52,SUKELCO Tacurong History Ledger
2023,2552,NEW ISABELA- A- REMAP(14),5115,1228261.0,13556059.69,SUKELCO Tacurong History Ledger
2023,2553,NEW ISABELA-B - REMAP(14),1620,418737.0,4624387.63,SUKELCO Tacurong History Ledger
2023,2554,NEW ISABELA-C - REMAP(14),7481,1705192.0,18727775.24,SUKELCO Tacurong History Ledger
2023,2555,NEW ISABELA-D- REMAP (14),5990,1283406.0,14106520.64,SUKELCO Tacurong History Ledger
2023,2566,APILADO - A (REMAP 2515),2154,444267.0,4902871.39,SUKELCO Tacurong History Ledger
2023,2567,NEW CARMEN B (REMAP 2515),4745,1033378.0,11304152.99,SUKELCO Tacurong History Ledger
2023,2569,KALANDAGAN D (REMAP 2515),3624,735681.0,8073932.38,SUKELCO Tacurong History Ledger
2023,2570,PRK 9 - E (REMAP 2515),1821,463474.0,5042007.7,SUKELCO Tacurong History Ledger
2023,2571,N. HIGHWAY A (REMAP 2516),3620,854350.0,9286329.99,SUKELCO Tacurong History Ledger
2023,2572,N. HIGHWAY B (REMAP 2516),6424,1346809.0,14570487.68,SUKELCO Tacurong History Ledger
2023,2573,N. HIGHWAY C (REMAP 2516),4788,911006.0,10000605.1,SUKELCO Tacurong History Ledger
2023,2574,REMAP FROM 2520A LIWAYWAY,6586,938628.0,10380822.33,SUKELCO Tacurong History Ledger
2023,2575,REMAP FROM 2520 (TINA),6004,835956.0,9206473.97,SUKELCO Tacurong History Ledger
2023,2576,REMAP FROM 2513A,4283,747455.0,8234277.04,SUKELCO Tacurong History Ledger
2023,2577,REMAP FROM 2513B,2939,665393.0,7282882.56,SUKELCO Tacurong History Ledger
2023,2578,REMAP FROM 2513C,4881,978752.0,10774753.58,SUKELCO Tacurong History Ledger
2023,2579,REMAPPED CALEAN-A,3504,572957.0,6303186.12,SUKELCO Tacurong History Ledger
2023,2580,REMAPPED CALEAN-B,3848,448024.0,4945122.42,SUKELCO Tacurong History Ledger
2023,2581,REMAPPED CALEAN-C,3572,599957.0,6629813.72,SUKELCO Tacurong History Ledger
2023,2582,REMAPPED BAPA SALUKAG,1603,178867.0,1958416.71,SUKELCO Tacurong History Ledger
2023,2583,BAPA R#1 GANSING(70-2518),2198,169340.0,1840750.09,SUKELCO Tacurong History Ledger
2023,2584,BRGY. KATUNGAL (2521),3175,373540.0,4119229.93,SUKELCO Tacurong History Ledger
2023,2585,BRGY. KATUNGAL (2521),3273,407712.0,4476759.0,SUKELCO Tacurong History Ledger
2023,2586,BRGY. KATUNGAL (2521),3418,414614.0,4584671.96,SUKELCO Tacurong History Ledger
2023,2587,BRGY. KATUNGAL (2521),1698,243407.0,2686449.16,SUKELCO Tacurong History Ledger
2023,2588,BUENAFLOR/VILLAGARDE(2531,3147,698184.0,7639350.32,SUKELCO Tacurong History Ledger
2023,2589,BUENAFLOR/VILLAGARDE(2531,2369,373810.0,4140338.5,SUKELCO Tacurong History Ledger
2023,2590,BUENAFLOR/VILLAGARDE(2531,3307,374854.0,4115700.43,SUKELCO Tacurong History Ledger
2023,2591,BUENAFLOR/VILLAGARDE(2531,2366,322499.0,3538992.2,SUKELCO Tacurong History Ledger
2023,2592,SAN PABLO (2530),2050,327726.0,3616145.68,SUKELCO Tacurong History Ledger
2023,2593,SAN PABLO (2530),3230,407141.0,4481566.89,SUKELCO Tacurong History Ledger
2023,2594,SAN PABLO (2530),3079,272381.0,2986495.92,SUKELCO Tacurong History Ledger
2023,2595,SAN PABLO (2530),3100,241388.09,2636345.83,SUKELCO Tacurong History Ledger
2023,2596,ISLAM GRINO (BAPA- ISLAM),2022,92793.0,965521.37,SUKELCO Tacurong History Ledger
2023,2597,BRGY. KALANDAGAN (2568A),3000,462488.0,5019035.45,SUKELCO Tacurong History Ledger
2023,2598,BRGY.KALANDAGAN (2568B),3195,451015.0,4952519.26,SUKELCO Tacurong History Ledger
2023,2599,"BAPA/ROTA-2, GANSING",988,134849.0,1493664.2,SUKELCO Tacurong History Ledger
2024,2501,POB./NAT'L.HIWAY/PRK.6,8067,1532485.0,14745433.72,SUKELCO Tacurong History Ledger
2024,2502,BONIFACIO/LEDESMA/MABINI,7049,1912424.0,18200482.65,SUKELCO Tacurong History Ledger
2024,2503,LEDESMA/LAPU-LAPU/MALVAR,3432,1125376.0,10525988.85,SUKELCO Tacurong History Ledger
2024,2504,NAT'L. HIGHWAY/GEN. LUNA,3002,810270.0,7688806.97,SUKELCO Tacurong History Ledger
2024,2505,NAT'L. HIGHWAY/GEN. LUNA,4656,1354165.0,12670433.22,SUKELCO Tacurong History Ledger
2024,2506,POBLACION/RESORT AREA,1375,569819.0,5092088.81,SUKELCO Tacurong History Ledger
2024,2507,LEDESMA/BONIFACIO/MALVAR,1857,728011.0,6626493.14,SUKELCO Tacurong History Ledger
2024,2509,LEDESMA/LAPU-LAPU,2051,1051182.0,9434265.68,SUKELCO Tacurong History Ledger
2024,2510,FLORES/FERNANDEZ/BIACA,11258,2837979.0,27039316.0,SUKELCO Tacurong History Ledger
2024,2511,NAT'L. HIGHWAY/CANOS,6054,1755587.0,16270457.24,SUKELCO Tacurong History Ledger
2024,2512,NAT'L. HIGHWAY/BUCOL SUBD,5177,1553391.0,14574790.72,SUKELCO Tacurong History Ledger
2024,2517,GANSING,5980,910246.0,8729576.02,SUKELCO Tacurong History Ledger
2024,2518,CAYAMBANAN,4354,744512.0,7154040.58,SUKELCO Tacurong History Ledger
2024,2519,SAN EMMANUEL,15946,3074907.0,29475938.2,SUKELCO Tacurong History Ledger
2024,2522,BARAS,7197,1127851.0,10855212.93,SUKELCO Tacurong History Ledger
2024,2523,RAJAHMUDA,2587,356331.0,3411096.14,SUKELCO Tacurong History Ledger
2024,2524,NEW PASSI,3838,407841.0,3923991.68,SUKELCO Tacurong History Ledger
2024,2525,SAN ANTONIO,2544,323076.0,3119135.98,SUKELCO Tacurong History Ledger
2024,2526,SAN RAFAEL,2755,274219.0,2653080.94,SUKELCO Tacurong History Ledger
2024,2527,NEW LAGAO,4056,397835.0,3832724.33,SUKELCO Tacurong History Ledger
2024,2529,LEDESMA/QUIPOLOT,3007,348581.0,3361061.53,SUKELCO Tacurong History Ledger
2024,2532,PUROK MASAGANA,2432,185368.0,1800377.05,SUKELCO Tacurong History Ledger
2024,2533,SITIO BETA,1156,119340.0,1155744.21,SUKELCO Tacurong History Ledger
2024,2534,SITIO MATIAS,836,70517.0,684155.34,SUKELCO Tacurong History Ledger
2024,2536,SITIO MALIPAYON,4194,464380.0,4468515.82,SUKELCO Tacurong History Ledger
2024,2537,SITIO BAG-O,1661,225346.0,2184772.62,SUKELCO Tacurong History Ledger
2024,2538,"PRK. 3, RAJAHMUDA",1877,165850.0,1611039.93,SUKELCO Tacurong History Ledger
2024,2542,MONTIVILLE SUBD.,3067,596595.0,5727153.53,SUKELCO Tacurong History Ledger
2024,2544,JM HOMES,2519,572316.0,5520703.07,SUKELCO Tacurong History Ledger
2024,2545,HABITAT SUBD. SAN PABLO,3089,509280.0,4924363.26,SUKELCO Tacurong History Ledger
2024,2546,"YELLOW VILLAGE,NEW ISABEL",1508,454242.0,4343504.4,SUKELCO Tacurong History Ledger
2024,2547,"SITIO CULINAN, ELISEO",2587,273635.0,2647719.29,SUKELCO Tacurong History Ledger
2024,2548,PUB MKT. - REMAP (2508),3596,504776.0,4708792.52,SUKELCO Tacurong History Ledger
2024,2549,BAPA/LANCHETA 3(LIPUNAN),432,35785.0,351506.34,SUKELCO Tacurong History Ledger
2024,2552,NEW ISABELA- A- REMAP(14),5367,1466434.0,14004832.67,SUKELCO Tacurong History Ledger
2024,2553,NEW ISABELA-B - REMAP(14),1643,411452.0,3948094.93,SUKELCO Tacurong History Ledger
2024,2554,NEW ISABELA-C - REMAP(14),8013,1973333.0,18814657.37,SUKELCO Tacurong History Ledger
2024,2555,NEW ISABELA-D- REMAP (14),6006,1465011.0,13967078.32,SUKELCO Tacurong History Ledger
2024,2566,APILADO - A (REMAP 2515),2151,535690.0,5133656.29,SUKELCO Tacurong History Ledger
2024,2567,NEW CARMEN B (REMAP 2515),4900,1239690.0,11796202.09,SUKELCO Tacurong History Ledger
2024,2569,KALANDAGAN D (REMAP 2515),3577,857777.0,8199468.51,SUKELCO Tacurong History Ledger
2024,2570,PRK 9 - E (REMAP 2515),1835,516967.0,4881604.28,SUKELCO Tacurong History Ledger
2024,2571,N. HIGHWAY A (REMAP 2516),3760,1065985.0,10050351.92,SUKELCO Tacurong History Ledger
2024,2572,N. HIGHWAY B (REMAP 2516),6501,1567131.0,14739501.53,SUKELCO Tacurong History Ledger
2024,2573,N. HIGHWAY C (REMAP 2516),4891,1105773.0,10556141.23,SUKELCO Tacurong History Ledger
2024,2574,REMAP FROM 2520A LIWAYWAY,6789,1104939.0,10628073.39,SUKELCO Tacurong History Ledger
2024,2575,REMAP FROM 2520 (TINA),6148,1042504.0,10044957.22,SUKELCO Tacurong History Ledger
2024,2576,REMAP FROM 2513A,4419,869266.0,8327495.62,SUKELCO Tacurong History Ledger
2024,2577,REMAP FROM 2513B,2960,769277.0,7317135.96,SUKELCO Tacurong History Ledger
2024,2578,REMAP FROM 2513C,4978,1158389.0,11064701.91,SUKELCO Tacurong History Ledger
2024,2579,REMAPPED CALEAN-A,3512,683436.0,6543070.44,SUKELCO Tacurong History Ledger
2024,2580,REMAPPED CALEAN-B,3986,564988.0,5465282.02,SUKELCO Tacurong History Ledger
2024,2581,REMAPPED CALEAN-C,3676,763329.0,7351274.78,SUKELCO Tacurong History Ledger
2024,2582,REMAPPED BAPA SALUKAG,1631,231692.0,2241130.16,SUKELCO Tacurong History Ledger
2024,2583,BAPA R#1 GANSING(70-2518),2211,196080.0,1899800.72,SUKELCO Tacurong History Ledger
2024,2584,BRGY. KATUNGAL (2521),3254,451406.0,4361953.1,SUKELCO Tacurong History Ledger
2024,2585,BRGY. KATUNGAL (2521),3310,447639.0,4301789.7,SUKELCO Tacurong History Ledger
2024,2586,BRGY. KATUNGAL (2521),3501,500814.0,4839259.26,SUKELCO Tacurong History Ledger
2024,2587,BRGY. KATUNGAL (2521),1710,299873.0,2896956.14,SUKELCO Tacurong History Ledger
2024,2588,BUENAFLOR/VILLAGARDE(2531,3239,711789.0,6843678.06,SUKELCO Tacurong History Ledger
2024,2589,BUENAFLOR/VILLAGARDE(2531,2460,459217.0,4433970.35,SUKELCO Tacurong History Ledger
2024,2590,BUENAFLOR/VILLAGARDE(2531,3384,461309.0,4445187.96,SUKELCO Tacurong History Ledger
2024,2591,BUENAFLOR/VILLAGARDE(2531,2454,371145.0,3571760.46,SUKELCO Tacurong History Ledger
2024,2592,SAN PABLO (2530),2083,395599.0,3811018.14,SUKELCO Tacurong History Ledger
2024,2593,SAN PABLO (2530),3380,504977.0,4882422.7,SUKELCO Tacurong History Ledger
2024,2594,SAN PABLO (2530),3143,350782.0,3395886.27,SUKELCO Tacurong History Ledger
2024,2595,SAN PABLO (2530),3150,293589.0,2842214.92,SUKELCO Tacurong History Ledger
2024,2596,ISLAM GRINO (BAPA- ISLAM),2040,107236.0,1043967.61,SUKELCO Tacurong History Ledger
2024,2597,BRGY. KALANDAGAN (2568A),2995,545701.0,5201864.83,SUKELCO Tacurong History Ledger
2024,2598,BRGY.KALANDAGAN (2568B),3172,523271.0,5016113.65,SUKELCO Tacurong History Ledger
2024,2599,"BAPA/ROTA-2, GANSING",948,163484.0,1580998.23,SUKELCO Tacurong History Ledger
2025,2501,POB./NAT'L.HIWAY/PRK.6,7824,1554119.0,15318563.23,SUKELCO Tacurong History Ledger
2025,2502,BONIFACIO/LEDESMA/MABINI,6988,1850938.0,18073986.48,SUKELCO Tacurong History Ledger
2025,2503,LEDESMA/LAPU-LAPU/MALVAR,3227,1111335.0,10643554.2,SUKELCO Tacurong History Ledger
2025,2504,NAT'L. HIGHWAY/GEN. LUNA,2822,750785.0,7297039.89,SUKELCO Tacurong History Ledger
2025,2505,NAT'L. HIGHWAY/GEN. LUNA,4558,1344237.0,12894551.96,SUKELCO Tacurong History Ledger
2025,2506,POBLACION/RESORT AREA,1344,624550.0,5695925.43,SUKELCO Tacurong History Ledger
2025,2507,LEDESMA/BONIFACIO/MALVAR,1774,745522.0,6954127.25,SUKELCO Tacurong History Ledger
2025,2509,LEDESMA/LAPU-LAPU,1941,1073972.0,9845531.62,SUKELCO Tacurong History Ledger
2025,2510,FLORES/FERNANDEZ/BIACA,11010,2708987.0,26488011.42,SUKELCO Tacurong History Ledger
2025,2511,NAT'L. HIGHWAY/CANOS,5823,1707908.0,16248495.41,SUKELCO Tacurong History Ledger
2025,2512,NAT'L. HIGHWAY/BUCOL SUBD,5027,1470261.0,14186893.13,SUKELCO Tacurong History Ledger
2025,2517,GANSING,5813,935111.0,9180053.28,SUKELCO Tacurong History Ledger
2025,2518,CAYAMBANAN,4216,714374.0,7026198.98,SUKELCO Tacurong History Ledger
2025,2519,SAN EMMANUEL,15210,2967209.0,29201135.31,SUKELCO Tacurong History Ledger
2025,2522,BARAS,7187,1132184.0,11155336.48,SUKELCO Tacurong History Ledger
2025,2523,RAJAHMUDA,2363,342509.0,3364035.45,SUKELCO Tacurong History Ledger
2025,2524,NEW PASSI,3720,404751.0,3989469.09,SUKELCO Tacurong History Ledger
2025,2525,SAN ANTONIO,2436,322667.0,3187851.79,SUKELCO Tacurong History Ledger
2025,2526,SAN RAFAEL,2605,281761.0,2789525.74,SUKELCO Tacurong History Ledger
2025,2527,NEW LAGAO,3899,394265.0,3898378.01,SUKELCO Tacurong History Ledger
2025,2529,LEDESMA/QUIPOLOT,2857,347017.0,3431245.75,SUKELCO Tacurong History Ledger
2025,2532,PUROK MASAGANA,2331,174300.0,1737362.14,SUKELCO Tacurong History Ledger
2025,2533,SITIO BETA,1113,118606.0,1177284.69,SUKELCO Tacurong History Ledger
2025,2534,SITIO MATIAS,808,66609.0,661651.9,SUKELCO Tacurong History Ledger
2025,2536,SITIO MALIPAYON,4134,488077.0,4800757.99,SUKELCO Tacurong History Ledger
2025,2537,SITIO BAG-O,1559,220827.0,2197309.17,SUKELCO Tacurong History Ledger
2025,2538,"PRK. 3, RAJAHMUDA",1721,163291.0,1621112.87,SUKELCO Tacurong History Ledger
2025,2539,MUN. PLAZA/PUB. MKT.,3,391.0,3653.68,SUKELCO Tacurong History Ledger
2025,2542,MONTIVILLE SUBD.,2921,581641.0,5739878.46,SUKELCO Tacurong History Ledger
2025,2544,JM HOMES,2416,578168.0,5723639.8,SUKELCO Tacurong History Ledger
2025,2545,HABITAT SUBD. SAN PABLO,2898,469399.0,4657701.21,SUKELCO Tacurong History Ledger
2025,2546,"YELLOW VILLAGE,NEW ISABEL",1409,418976.0,4139241.86,SUKELCO Tacurong History Ledger
2025,2547,"SITIO CULINAN, ELISEO",2450,286512.0,2841154.79,SUKELCO Tacurong History Ledger
2025,2548,PUB MKT. - REMAP (2508),3036,414042.0,3951573.9,SUKELCO Tacurong History Ledger
2025,2549,BAPA/LANCHETA 3(LIPUNAN),1206,107222.0,1065206.2,SUKELCO Tacurong History Ledger
2025,2552,NEW ISABELA- A- REMAP(14),5297,1388621.0,13631002.23,SUKELCO Tacurong History Ledger
2025,2553,NEW ISABELA-B - REMAP(14),1610,394169.0,3869236.08,SUKELCO Tacurong History Ledger
2025,2554,NEW ISABELA-C - REMAP(14),7705,1919004.0,18783974.06,SUKELCO Tacurong History Ledger
2025,2555,NEW ISABELA-D- REMAP (14),5755,1359582.0,13343034.51,SUKELCO Tacurong History Ledger
2025,2566,APILADO - A (REMAP 2515),2023,493843.0,4875634.16,SUKELCO Tacurong History Ledger
2025,2567,NEW CARMEN B (REMAP 2515),4763,1252816.0,12264090.92,SUKELCO Tacurong History Ledger
2025,2569,KALANDAGAN D (REMAP 2515),3403,816239.0,7983259.83,SUKELCO Tacurong History Ledger
2025,2570,PRK 9 - E (REMAP 2515),1740,484017.0,4698881.56,SUKELCO Tacurong History Ledger
2025,2571,N. HIGHWAY A (REMAP 2516),3634,1094465.0,10570851.58,SUKELCO Tacurong History Ledger
2025,2572,N. HIGHWAY B (REMAP 2516),6288,1575937.0,15228249.87,SUKELCO Tacurong History Ledger
2025,2573,N. HIGHWAY C (REMAP 2516),4691,1047795.0,10264846.09,SUKELCO Tacurong History Ledger
2025,2574,REMAP FROM 2520A LIWAYWAY,6523,1080088.0,10652490.64,SUKELCO Tacurong History Ledger
2025,2575,REMAP FROM 2520 (TINA),6003,1053030.0,10403002.82,SUKELCO Tacurong History Ledger
2025,2576,REMAP FROM 2513A,4295,885664.0,8690085.29,SUKELCO Tacurong History Ledger
2025,2577,REMAP FROM 2513B,2899,747694.0,7307790.46,SUKELCO Tacurong History Ledger
2025,2578,REMAP FROM 2513C,4913,1181757.0,11580523.45,SUKELCO Tacurong History Ledger
2025,2579,REMAPPED CALEAN-A,3340,674459.0,6614959.97,SUKELCO Tacurong History Ledger
2025,2580,REMAPPED CALEAN-B,3815,567961.0,5629433.7,SUKELCO Tacurong History Ledger
2025,2581,REMAPPED CALEAN-C,3550,760199.0,7508159.76,SUKELCO Tacurong History Ledger
2025,2582,REMAPPED BAPA SALUKAG,1538,247528.0,2456205.54,SUKELCO Tacurong History Ledger
2025,2583,BAPA R#1 GANSING(70-2518),2108,197158.0,1957265.2,SUKELCO Tacurong History Ledger
2025,2584,BRGY. KATUNGAL (2521),3256,467555.0,4620866.6,SUKELCO Tacurong History Ledger
2025,2585,BRGY. KATUNGAL (2521),3216,456294.0,4488128.71,SUKELCO Tacurong History Ledger
2025,2586,BRGY. KATUNGAL (2521),3426,529587.0,5233779.06,SUKELCO Tacurong History Ledger
2025,2587,BRGY. KATUNGAL (2521),1631,297453.0,2945896.75,SUKELCO Tacurong History Ledger
2025,2588,BUENAFLOR/VILLAGARDE(2531,3185,726733.0,7173810.58,SUKELCO Tacurong History Ledger
2025,2589,BUENAFLOR/VILLAGARDE(2531,2469,477608.0,4729504.08,SUKELCO Tacurong History Ledger
2025,2590,BUENAFLOR/VILLAGARDE(2531,3251,488799.0,4817538.88,SUKELCO Tacurong History Ledger
2025,2591,BUENAFLOR/VILLAGARDE(2531,2322,401165.0,3972666.79,SUKELCO Tacurong History Ledger
2025,2592,SAN PABLO (2530),2054,401875.0,3970299.42,SUKELCO Tacurong History Ledger
2025,2593,SAN PABLO (2530),3388,532524.0,5268871.08,SUKELCO Tacurong History Ledger
2025,2594,SAN PABLO (2530),3084,370235.0,3674314.02,SUKELCO Tacurong History Ledger
2025,2595,SAN PABLO (2530),3112,322310.0,3196499.06,SUKELCO Tacurong History Ledger
2025,2596,ISLAM GRINO (BAPA- ISLAM),1953,116352.0,1159799.24,SUKELCO Tacurong History Ledger
2025,2597,BRGY. KALANDAGAN (2568A),2870,524725.0,5125471.75,SUKELCO Tacurong History Ledger
2025,2598,BRGY.KALANDAGAN (2568B),3003,491216.0,4830494.49,SUKELCO Tacurong History Ledger
2025,2599,"BAPA/ROTA-2, GANSING",936,160343.0,1590698.49,SUKELCO Tacurong History Ledger
